{
  "urls": [
    "assets/default/sounds/en/main/sounds.ogg?c=86f09bc378",
    "assets/default/sounds/en/main/sounds.m4a?c=554283a8ad"
  ],
  "sprite": {
    "anticipation": [
      0,
      18057.18820861678
    ],
    "backgrLoop": [
      20000,
      23414.6485260771
    ],
    "bangupBegin": [
      45000,
      2926.8480725623576
    ],
    "bangupEnd": [
      49000,
      2926.8480725623576
    ],
    "bangupLoop": [
      53000,
      2926.8480725623576
    ],
    "bigWinEnd": [
      57000,
      6514.3083900226775
    ],
    "bigWinLabel": [
      65000,
      5385.532879818598
    ],
    "bigWinLoop": [
      72000,
      10971.451247165533
    ],
    "clusterWin": [
      84000,
      1875.011337868486
    ],
    "clusterWinHide": [
      87000,
      541.587301587299
    ],
    "coinBurst": [
      89000,
      3250
    ],
    "fatTileHit5": [
      94000,
      2500
    ],
    "fatTileHit6": [
      98000,
      2500
    ],
    "fatTileHit7": [
      102000,
      2500
    ],
    "fatTileHit8": [
      106000,
      2500
    ],
    "fatTileHit9": [
      110000,
      2500
    ],
    "fsBangupEnd": [
      114000,
      2727.2789115646247
    ],
    "fsBangupLoop": [
      118000,
      8727.278911564625
    ],
    "fsBangupStart": [
      128000,
      2181.8367346938885
    ],
    "fsCoinBurst": [
      132000,
      1500
    ],
    "fsCoinEnd": [
      135000,
      1500
    ],
    "fsCoinLoop": [
      138000,
      4000
    ],
    "fsHit1": [
      143000,
      4000
    ],
    "fsHit2": [
      148000,
      4000
    ],
    "fsHit3": [
      153000,
      4000
    ],
    "fsHit4": [
      158000,
      4000
    ],
    "fsHit5": [
      163000,
      4000
    ],
    "fsHit6": [
      168000,
      4000
    ],
    "fsInFsFly": [
      173000,
      1963.9909297052043
    ],
    "fsInFsHit": [
      176000,
      4125.011337868472
    ],
    "fsIncrease": [
      182000,
      1975.351473922899
    ],
    "fsInfsLabel": [
      185000,
      6400.0000000000055
    ],
    "fsLoop1": [
      193000,
      17454.58049886622
    ],
    "fsLoop2": [
      212000,
      17454.58049886622
    ],
    "fsLoop3": [
      231000,
      17454.58049886622
    ],
    "fsMultiplierIncrease": [
      250000,
      2134.69387755103
    ],
    "fsMultiplierShoot": [
      254000,
      1937.50566893425
    ],
    "fsMultiplierSumm": [
      257000,
      2250.340136054433
    ],
    "fsPreloaderLoop": [
      261000,
      12800.000000000011
    ],
    "fsPreloaderStart": [
      275000,
      9600.000000000022
    ],
    "fsShine": [
      286000,
      3843.764172335625
    ],
    "fsStart": [
      291000,
      17454.58049886622
    ],
    "introEnterGame": [
      310000,
      10909.115646258499
    ],
    "jackHit1": [
      322000,
      3000
    ],
    "jackHit2": [
      326000,
      3000
    ],
    "jackHit3": [
      330000,
      3000
    ],
    "jackSiren": [
      334000,
      4864.580498866189
    ],
    "jackSpawn1": [
      340000,
      3284.875283446695
    ],
    "jackSpawn2": [
      345000,
      3313.0158730158996
    ],
    "jackSpawn3": [
      350000,
      3382.834467120176
    ],
    "megaWinEnd": [
      355000,
      8228.594104308399
    ],
    "megaWinLabel": [
      365000,
      6000
    ],
    "megaWinLoop": [
      372000,
      10971.451247165533
    ],
    "payTablePages": [
      384000,
      1000
    ],
    "playButton": [
      386000,
      781.2698412698182
    ],
    "reelSpinLoop1": [
      388000,
      23414.648526077086
    ],
    "reelSpinLoop2": [
      413000,
      23414.648526077086
    ],
    "reelSpinLoop3": [
      438000,
      23414.648526077086
    ],
    "reelStop": [
      463000,
      500
    ],
    "spinStart": [
      465000,
      3000
    ],
    "superWinEnd": [
      469000,
      6514.3083900226775
    ],
    "superWinLabel": [
      477000,
      6000
    ],
    "superWinLoop": [
      484000,
      10971.451247165533
    ],
    "tileDestroy": [
      496000,
      1189.1609977324151
    ],
    "totalWin": [
      499000,
      8228.594104308399
    ],
    "wildHit1": [
      509000,
      2000
    ],
    "wildHit2": [
      512000,
      2000
    ],
    "wildHit3": [
      515000,
      2000
    ],
    "wildHit4": [
      518000,
      2000
    ],
    "wildMerge1": [
      521000,
      2445.9183673469624
    ],
    "wildMerge2": [
      525000,
      2453.7414965986954
    ],
    "winNormal": [
      529000,
      2195.1473922902096
    ],
    "winSmall": [
      533000,
      500
    ]
  }
}