{
  "urls": [
    "assets/default/sounds/en/main/sounds.ogg?c=39e09364df",
    "assets/default/sounds/en/main/sounds.m4a?c=cde1c04ca7"
  ],
  "sprite": {
    "anticipation": [
      0,
      6512.222222222223
    ],
    "backgrLoop": [
      7100,
      17454.580498866213
    ],
    "bangupLoop": [
      25200.000000000004,
      17454.580498866213
    ],
    "bangupStart": [
      43300.00000000001,
      4235.328798185939
    ],
    "bigWin": [
      48400.00000000001,
      7772.743764172333
    ],
    "coinLoop": [
      56500,
      1687.5283446712003
    ],
    "featureLoop": [
      58600,
      17454.580498866213
    ],
    "fishHook": [
      76700,
      781.2698412698467
    ],
    "fishHookBig": [
      77800.00000000001,
      1531.2698412698467
    ],
    "fishSumCount": [
      79900.00000000001,
      1527.6870748299275
    ],
    "fishSumMultiply": [
      82000.00000000001,
      1527.6870748299275
    ],
    "fishSumRise": [
      84100.00000000001,
      1847.6870748299348
    ],
    "fishSwim": [
      86200.00000000001,
      2750
    ],
    "fishTileHit2": [
      89300.00000000001,
      1411.7913832199492
    ],
    "fishTileHit3": [
      91400,
      1411.7913832199492
    ],
    "fishTilePop": [
      93500,
      2000
    ],
    "fishermanActivate": [
      95600,
      2000
    ],
    "fishermanActivateIdle": [
      97699.99999999999,
      1250
    ],
    "fishermanLoop": [
      99799.99999999999,
      1000
    ],
    "fishermanPull": [
      100899.99999999997,
      2000
    ],
    "fishermanWin": [
      102999.99999999997,
      2000
    ],
    "freeSpinsStart": [
      105099.99999999997,
      8000
    ],
    "fsActivate": [
      113199.99999999996,
      9375.011337868485
    ],
    "fsBangupLoop": [
      123299.99999999997,
      15737.709750566906
    ],
    "fsHit1": [
      139399.99999999997,
      2500
    ],
    "fsHit2": [
      142499.99999999997,
      2500
    ],
    "fsHit3": [
      145599.99999999997,
      3500
    ],
    "fsLoop": [
      149699.99999999997,
      15737.709750566893
    ],
    "fsPreloaderLoop": [
      165799.99999999994,
      7680.000000000007
    ],
    "instantWin": [
      173899.99999999994,
      4909.115646258499
    ],
    "introEnterGame": [
      178999.99999999994,
      6000
    ],
    "jackSiren": [
      185099.99999999994,
      4864.580498866218
    ],
    "jpHit1": [
      190199.99999999994,
      2500
    ],
    "jpHit2": [
      193299.9999999999,
      2500
    ],
    "jpHit3": [
      196399.9999999999,
      3000
    ],
    "jpSpawn1": [
      199499.9999999999,
      3000
    ],
    "jpSpawn2": [
      202599.9999999999,
      3000
    ],
    "jpSpawn3": [
      205699.9999999999,
      3500
    ],
    "megaWin": [
      209799.99999999988,
      10909.115646258499
    ],
    "multiplierSplash": [
      220899.99999999988,
      6000
    ],
    "payTablePages": [
      226999.99999999988,
      625.0113378684716
    ],
    "playButton": [
      228099.99999999988,
      500
    ],
    "reelSpinLoop": [
      229199.99999999988,
      17454.58049886622
    ],
    "reelSpinMechLoop": [
      247299.99999999988,
      1830.9070294784533
    ],
    "reelStop": [
      249399.99999999985,
      1093.7641723355966
    ],
    "superWin": [
      251499.99999999985,
      8727.27891156464
    ],
    "totalWin": [
      260599.99999999985,
      9383.56009070293
    ],
    "totalWinEnd": [
      270699.9999999998,
      4977.27891156461
    ],
    "winLines": [
      275799.99999999977,
      625.0113378685
    ],
    "winNormal": [
      276899.9999999998,
      2625.0113378685
    ],
    "winSmall": [
      279999.9999999998,
      678.7301587301613
    ]
  }
}